filename,target,predicted_target,true_target,true_label
5-103415-A-2.wav,2,3,2,pig
5-103416-A-2.wav,2,43,2,pig
5-103418-A-2.wav,2,3,2,pig
5-103420-A-2.wav,2,5,2,pig
5-103422-A-2.wav,2,24,2,pig
5-117250-A-2.wav,2,23,2,pig
5-141683-A-35.wav,35,44,35,washing machine
5-156026-B-4.wav,4,9,4,frog
5-156026-C-4.wav,4,30,4,frog
5-156698-A-18.wav,18,7,18,toilet flush
5-156999-E-19.wav,19,45,19,thunderstorm
5-157204-B-16.wav,16,13,16,wind
5-160614-A-48.wav,48,32,48,fireworks
5-160614-B-48.wav,48,22,48,fireworks
5-160614-C-48.wav,48,32,48,fireworks
5-160614-D-48.wav,48,32,48,fireworks
5-160614-E-48.wav,48,25,48,fireworks
5-160614-F-48.wav,48,32,48,fireworks
5-160614-G-48.wav,48,32,48,fireworks
5-160614-H-48.wav,48,32,48,fireworks
5-161270-B-33.wav,33,8,33,door wood creaks
5-169983-A-5.wav,5,6,5,cat
5-173568-A-33.wav,33,5,33,door wood creaks
5-177779-A-33.wav,33,31,33,door wood creaks
5-177957-A-40.wav,40,12,40,helicopter
5-179496-A-16.wav,16,43,16,wind
5-179496-B-16.wav,16,43,16,wind
5-179868-A-43.wav,43,5,43,car horn
5-180156-C-43.wav,43,2,43,car horn
5-181977-A-35.wav,35,11,35,washing machine
5-182012-A-36.wav,36,35,36,vacuum cleaner
5-186924-A-12.wav,12,35,12,crackling fire
5-187201-A-4.wav,4,8,4,frog
5-187201-B-4.wav,4,8,4,frog
5-187444-A-33.wav,33,41,33,door wood creaks
5-188945-A-45.wav,45,44,45,train
5-191131-A-40.wav,40,45,40,helicopter
5-191497-A-33.wav,33,23,33,door wood creaks
5-194899-A-3.wav,3,29,3,cow
5-194932-A-7.wav,7,3,7,insects
5-195710-A-10.wav,10,11,10,rain
5-197118-A-45.wav,45,2,45,train
5-197988-A-46.wav,46,8,46,church bells
5-198373-A-46.wav,46,3,46,church bells
5-198891-A-8.wav,8,29,8,sheep
5-198891-D-8.wav,8,20,8,sheep
5-202220-A-21.wav,21,33,21,sneezing
5-204741-A-46.wav,46,5,46,church bells
5-205090-A-32.wav,32,15,32,keyboard typing
5-205898-A-40.wav,40,43,40,helicopter
5-207836-A-29.wav,29,32,29,drinking sipping
5-209989-A-22.wav,22,32,22,clapping
5-209992-A-44.wav,44,47,44,engine
5-209992-B-44.wav,44,47,44,engine
5-211197-A-24.wav,24,21,24,coughing
5-212054-A-36.wav,36,37,36,vacuum cleaner
5-212181-A-38.wav,38,0,38,clock tick
5-213802-A-12.wav,12,35,12,crackling fire
5-215445-A-47.wav,47,16,47,airplane
5-215447-A-47.wav,47,16,47,airplane
5-215449-A-47.wav,47,19,47,airplane
5-216216-A-13.wav,13,37,13,crickets
5-216370-B-41.wav,41,35,41,chainsaw
5-217158-A-0.wav,0,20,0,dog
5-218981-A-30.wav,30,39,30,door wood knock
5-219342-A-38.wav,38,0,38,clock tick
5-220026-A-21.wav,21,0,21,sneezing
5-220939-A-27.wav,27,39,27,brushing teeth
5-220955-A-40.wav,40,19,40,helicopter
5-221593-A-21.wav,21,0,21,sneezing
5-221950-A-22.wav,22,32,22,clapping
5-222524-A-41.wav,41,47,41,chainsaw
5-223099-A-32.wav,32,15,32,keyboard typing
5-223810-A-35.wav,35,2,35,washing machine
5-231551-A-36.wav,36,42,36,vacuum cleaner
5-232802-A-31.wav,31,15,31,mouse click
5-232816-A-23.wav,23,16,23,breathing
5-233019-A-31.wav,31,12,31,mouse click
5-233260-A-23.wav,23,28,23,breathing
5-234855-A-25.wav,25,48,25,footsteps
5-235593-A-23.wav,23,18,23,breathing
5-238021-A-35.wav,35,36,35,washing machine
5-238492-A-23.wav,23,29,23,breathing
5-241846-A-15.wav,15,34,15,water drops
5-242932-A-26.wav,26,20,26,laughing
5-242932-B-26.wav,26,20,26,laughing
5-243449-A-14.wav,14,13,14,chirping birds
5-243459-B-14.wav,14,4,14,chirping birds
5-244526-A-26.wav,26,38,26,laughing
5-248341-C-6.wav,6,26,6,hen
5-250258-A-49.wav,49,2,49,hand saw
5-250753-A-34.wav,34,39,34,can opening
5-259180-A-15.wav,15,29,15,water drops
5-260164-A-23.wav,23,28,23,breathing
5-260875-A-35.wav,35,16,35,washing machine
5-261439-A-15.wav,15,7,15,water drops
5-262641-A-15.wav,15,31,15,water drops
5-263775-A-26.wav,26,29,26,laughing
5-61635-A-8.wav,8,41,8,sheep
5-9032-A-0.wav,0,38,0,dog
